{"cameraMode":{"drawMode":0,"name":"Shaded","section":"Shading Mode"},"sceneLighting":true,"audioPlay":false,"sceneViewState":{"showFog":true,"showMaterialUpdate":false,"showSkybox":true,"showFlares":true,"showImageEffects":true,"showParticleSystems":true},"in2DMode":false,"pivot":{"x":333.7900085449219,"y":1.342856764793396,"z":74.44000244140625},"rotation":{"x":-0.0955711081624031,"y":-0.07637738436460495,"z":0.007353803142905235,"w":-0.9924658536911011},"size":7.6035027503967289,"orthographic":false}