{"cameraMode":{"drawMode":0,"name":"Shaded","section":"Shading Mode"},"sceneLighting":true,"audioPlay":false,"sceneViewState":{"showFog":true,"showMaterialUpdate":false,"showSkybox":true,"showFlares":true,"showImageEffects":true,"showParticleSystems":true},"in2DMode":false,"pivot":{"x":353.61279296875,"y":12.143548965454102,"z":68.76937866210938},"rotation":{"x":0.04624871537089348,"y":-0.1002224013209343,"z":0.004663693252950907,"w":0.993878960609436},"size":10.301820755004883,"orthographic":false}