{"cameraMode":{"drawMode":0,"name":"Shaded","section":"Shading Mode"},"sceneLighting":true,"audioPlay":false,"sceneViewState":{"showFog":true,"showMaterialUpdate":false,"showSkybox":true,"showFlares":true,"showImageEffects":true,"showParticleSystems":true},"in2DMode":false,"pivot":{"x":100.87459564208985,"y":222.36306762695313,"z":-60.409141540527347},"rotation":{"x":-0.25613585114479067,"y":0.07443702220916748,"z":-0.019782543182373048,"w":-0.9635751843452454},"size":74.81672668457031,"orthographic":false}