{"cameraMode":{"drawMode":0,"name":"Shaded","section":"Shading Mode"},"sceneLighting":true,"audioPlay":false,"sceneViewState":{"showFog":true,"showMaterialUpdate":false,"showSkybox":true,"showFlares":true,"showImageEffects":true,"showParticleSystems":true},"in2DMode":false,"pivot":{"x":1201.4000244140625,"y":222.3000030517578,"z":0.0},"rotation":{"x":0.004499944392591715,"y":-0.004499953705817461,"z":0.0000202511073439382,"w":0.9999792575836182},"size":80.90064239501953,"orthographic":false}