{"cameraMode":{"drawMode":0,"name":"Shaded","section":"Shading Mode"},"sceneLighting":true,"audioPlay":false,"sceneViewState":{"showFog":true,"showMaterialUpdate":false,"showSkybox":true,"showFlares":true,"showImageEffects":true,"showParticleSystems":true},"in2DMode":false,"pivot":{"x":202.398681640625,"y":473.63275146484377,"z":7.718564987182617},"rotation":{"x":0.3760307729244232,"y":0.21384882926940919,"z":-0.08963797986507416,"w":0.8971508145332336},"size":14.2210054397583,"orthographic":false}